Clinic,Address,City,State,Zip,First seen by monitor,Currently live in latest run,Epioxa facility ID
20/20 Eyecare,"9553 Fields Ertel Road, Loveland, OH 45140",Loveland,OH,45140,2026-08-08T12:34:16+00:00,No,f6ea1400-871b-480c-a63e-cf20614ab4ac
4S Eyecare,"10531 4S Commons Drive Suite 168, San Diego, CA 92127",San Diego,CA,92127,2026-09-29T18:26:16+00:00,Yes,cbac821b-bcc2-48b9-ba39-a758104160c1
Advanced Vision Care,"2710 East Airline Road, Victoria, TX 77901",Victoria,TX,77901,2026-07-29T13:54:58+00:00,Yes,8656e976-a277-4c55-92cf-9b43c61637eb
Amber Eyes,"6118 Southeast Federal Highway, Stuart, FL 34997",Stuart,FL,34997,2026-09-03T15:37:04+00:00,Yes,8a654f53-1e34-4710-b7b4-2911c8c2ba97
Anderson & Chhabra Eyecare Center- Tampa,"719 West Fletcher Avenue, Tampa, FL 33612",Tampa,FL,33612,2026-07-22T01:05:31+00:00,Yes,34b00054-59d4-4339-96d7-bc526ee61596
Anderson & Chhabra EyeCare Center- Wesley Chapel,"3822 Turman Loop, Wesley Chapel, FL 33544",Wesley Chapel,FL,33544,2026-07-22T01:05:31+00:00,Yes,e2c336aa-dc9d-4a93-b5b7-2656ec3c3dae
Anh Nguyen Ophthalmology,"6402 Arlington Blvd / Suite 600, Falls Church, VA 22042",Falls Church,VA,22042,2026-08-14T12:51:38+00:00,Yes,0aa96b67-1a7b-4d6d-a319-3947d55f7327
Appalachian Eye Care,"3082 Robert C Byrd Drive, Beckley, WV 25801",Beckley,WV,25801,2026-08-29T16:02:50+00:00,Yes,fc4ed793-ebc7-4e00-9224-045e84c84ec4
Appalachian Eye Care,"206 Kinter Way, Pearisburg, VA 24134",Pearisburg,VA,24134,2026-09-10T15:39:58+00:00,Yes,ee528f6b-d526-41b7-84e2-242b6cac3694
Appalachian Eye Care,"324 Oakvale Road
Suite 100, Princeton, WV 24740",Princeton,WV,24740,2026-08-27T21:34:51+00:00,Yes,3d0eff50-72dc-4578-9d62-ae61d98b99b9
Associates in Eyecare,"4500 E Cherry Creek South Dr, Denver, CO 80246",Denver,CO,80246,2026-09-15T16:02:11+00:00,Yes,50f3b069-2f8c-471b-b641-76b88acd3bb3
Atlantic Eye Physicians,"1031 Farmington Avenue, Farmington, CT 06032",Farmington,CT,06032,2026-09-18T15:37:16+00:00,Yes,616b3cd4-74df-41de-ab09-2bee7da05c53
Atrium Health Wake Forest Baptist Ophthalmology,"1565 North University Parkway, High Point, NC 27262",High Point,NC,27262,2026-09-17T16:02:09+00:00,Yes,723562b1-2ea2-4c8b-a388-bd60a0a7d28c
Atwal Eye Care,"3095 Harlem Rd, Buffalo, NY 14225",Buffalo,NY,14225,2026-09-29T18:26:16+00:00,Yes,22df8dfe-b48f-48ee-9c80-01dc885ea6bc
Augusta University,"1481 Laney Walker Blvd / AD-1400, Augusta, GA 30912",Augusta,GA,30912,2026-08-01T13:05:04+00:00,Yes,f2856736-0cb1-4dcf-85e8-5cd1a16fe50f
Austin Optometry Group,"1 City Boulevard West #111, Orange, CA 92868",Orange,CA,92868,2026-08-22T12:25:34+00:00,Yes,100e7b42-5dbf-4b25-92f4-278f16a1c931
Beyond Vision Center,"6949 El Camino Real Suite 105, Carlsbad, CA 92011",Carlsbad,CA,92011,2026-09-03T15:37:04+00:00,Yes,beb8e92e-d7db-4228-81dc-a64abe198a75
Beyond Vision Center- Encinitas,"205 South El Camino Real Suite A, Encinitas, CA 92024",Encinitas,CA,92024,2026-09-03T15:37:04+00:00,Yes,7511f147-892b-40cf-855d-ff86193694d6
Black Hills Regional Eye Institute,"2800 Third St, Rapid City, SD 57701",Rapid City,SD,57701,2026-07-24T13:24:06+00:00,Yes,d937b227-2994-445c-aaf2-c188c5f0314f
Boca Family Eye Care East,"1001 Southwest 2nd Avenue
Suite 4000, Boca Raton, FL 33432",Boca Raton,FL,33432,2026-09-03T15:37:04+00:00,Yes,f22e981a-7988-4750-b2d3-fccbfddb513f
Boca Family Eye Care West,"9858 Clint Moore Road, suite c107, Boca Raton, FL 33496",Boca Raton,FL,33496,2026-09-03T15:37:04+00:00,Yes,67193335-2b92-4d7c-b8f6-209d33c7ca27
Boston Vision,"25 Marston Street
Marston Medical Building Suite 104, Lawrence, MA 01841",Lawrence,MA,01841,2026-07-22T01:05:31+00:00,Yes,7e1a4622-6fec-4c38-9740-1a7949dbb98f
Box Eye Care,"5003 Oscar Baxter Drive, Tuscaloosa, AL 35405",Tuscaloosa,AL,35405,2026-09-12T14:48:55+00:00,Yes,0f18863d-5215-4aa1-acb2-50e711538aa9
Bright Eyes Optical New Rochelle,"177 B East Main Street, New Rochelle, NY 10801",New Rochelle,NY,10801,2026-07-23T00:58:32+00:00,Yes,14c3edce-0d06-491d-95aa-b754c7596325
California Oaks Vision Center,"24640 Jefferson Avenue Suite 100, Murrieta, CA 92562",Murrieta,CA,92562,2026-07-28T13:49:51+00:00,Yes,43bd3872-68d2-4a57-9304-fe839ecfe35f
Carolina Vision Care,"1804 West Arlington Boulevard, Greenville, NC 27834",Greenville,NC,27834,2026-07-28T13:49:51+00:00,Yes,b4b695bc-589a-4037-8264-63ab49c650b9
Center For Eye Care Excellence of Albany,"9 Vista Blvd / Suite 100, Slingerlands, NY 12159",Slingerlands,NY,12159,2026-09-29T18:26:16+00:00,Yes,5b3bdfaa-4111-47bc-a8ec-0bfe92bd294b
Central Eyes North,"3188 Southwest Martin Downs Boulevard, Palm City, FL 34990",Palm City,FL,34990,2026-09-12T14:48:55+00:00,Yes,2883be45-1394-4707-b0f8-a0ad66ce15b4
Chicago Arbor Eye Institute,"5086 North Elston Avenue, Chicago, IL 60630",Chicago,IL,60630,2026-09-09T15:44:51+00:00,Yes,a3e9d768-10c7-484d-8ca0-39776e999d52
Chicago Arbor Eye Institute,"836 West Wellington Avenue, Chicago, IL 60657",Chicago,IL,60657,2026-09-09T15:44:51+00:00,Yes,d6228f16-a087-48d0-872c-cf1109976ac3
Chicago Arbor Eye Institute,"2640 W 183rd Street, Homewood, IL 60430",Homewood,IL,60430,2026-09-09T15:44:51+00:00,Yes,1d70824b-1460-4fc7-b2a9-d84e89d4280f
Chicago Arbor Eye Institute,"11600 South Kedzie Avenue
Suite C and H, Merrionette Park, IL 60803",Merrionette Park,IL,60803,2026-09-09T15:44:51+00:00,Yes,fc5879bd-fc5e-465a-b9d5-38166bc99e51
Chicago Arbor Eye Institute,"9731 W. 165th St / Ste 31, Orland Park, IL 60467",Orland Park,IL,60467,2026-07-30T13:44:50+00:00,Yes,2f14b003-ae25-44f5-bde9-a68eed1bf606
City Eyecare,"2812 North University Drive, Coral Springs, FL 33065",Coral Springs,FL,33065,2026-09-09T15:44:51+00:00,Yes,9eb84d26-6c9c-4f71-bf92-cdd4e4993de0
Clarity Eye Care,"1284 Dryden Rd, Ithaca, NY, NY 14850","Ithaca, NY",NY,14850,2026-09-29T18:26:16+00:00,Yes,b1f3f1ff-8ad9-4008-a959-a58a5973deb9
Clear Vision San Antonio - Stone Oak,"1314 East Sonterra Boulevard Suite 2103, San Antonio, TX 78258",San Antonio,TX,78258,2026-07-28T13:49:51+00:00,Yes,d473e426-57bd-4c64-a92e-7b006498bab9
Clemmons Family Eye Care,"6301 Stadium Drive, Clemmons, NC 27012",Clemmons,NC,27012,2026-08-16T12:25:42+00:00,Yes,0cb4d713-6e72-404c-89d4-ee70fb0dfceb
Clemson Eye,"22995 U.S. 76, Clinton, SC 29325",Clinton,SC,29325,2026-08-27T21:34:51+00:00,Yes,8c852a81-9fea-4184-842a-6a094c9ad6f5
Clemson Eye,"USE 360 Pelham Road address, Greenville, SC 29607",Greenville,SC,29607,2026-09-17T16:02:09+00:00,Yes,59c44156-4fa8-4633-ab59-5e6833e55dd3
Clinton Eye Associates,"116 E Main ST, Clinton, CT 06413",Clinton,CT,06413,2026-08-28T21:38:28+00:00,Yes,a1f929c0-ae7e-49d0-81ba-7a535ad43626
Commonwealth Eye Care Asssociates,"3855 Gaskins Rd., Henrico, VA 23233",Henrico,VA,23233,2026-09-18T15:37:16+00:00,Yes,caf8c947-c310-40df-9789-1be643facd5d
Compton & Compton Eye Care,"1111 Nashville Road, Franklin, KY 42134",Franklin,KY,42134,2026-07-22T01:05:31+00:00,Yes,b767ecd4-1514-41cb-add4-82ffaa4cd7ae
Decatur Family Eye Care,"2026 6th Avenue Southeast, Decatur, AL 35601",Decatur,AL,35601,2026-09-17T16:02:09+00:00,Yes,0ce1c5ef-5375-4014-8565-5e1faae05d2e
Dr Bradley Parsons,"2315 Edgewood Road Southwest, Cedar Rapids, IA 52404",Cedar Rapids,IA,52404,2026-09-15T16:02:11+00:00,Yes,a081483a-2f7e-4bb7-ad58-dc6aa0e1604a
Dr. Kazdan & Associates,"1671 penfield rd, Rochester, NY 14625",Rochester,NY,14625,2026-09-29T18:26:16+00:00,Yes,b8df9ae7-5559-48b0-99a2-c034db3cc83b
Easton Eye Care,"1560 East Oakland Park Boulevard, Oakland Park, FL 33334",Oakland Park,FL,33334,2026-09-09T15:44:51+00:00,Yes,4d0b4c36-abff-4531-880f-9689d959f229
Emplify Health,"3111 Gundersen Dr,, Onalaska, WI 54650",Onalaska,WI,54650,2026-08-11T12:49:25+00:00,Yes,e7e71751-216d-4e47-8586-8e62303e5da0
Envision Eye Care,"2641 East Oakland Park Boulevard, Suite 3, Fort Lauderdale, FL 33306",Fort Lauderdale,FL,33306,2026-09-18T15:37:16+00:00,Yes,53d8320b-eef8-4e63-b221-271f4bb6b941
Everything Eyes,"16950 Jog Road
Suite 107-S, Delray Beach, FL 33446",Delray Beach,FL,33446,2026-09-09T15:44:51+00:00,Yes,43c85c20-631f-4720-bfe6-c5585064d0d9
Eye Care Center of Northern Colorado,"1400 Dry Creek Dr., Longmont, CO 80503",Longmont,CO,80503,2026-09-22T16:05:24+00:00,Yes,f148d6ab-9d2a-4877-a1be-645cc3c96e1e
"Eye Center, Inc.","2003 Cortez Road West, Bradenton, FL 34207",Bradenton,FL,34207,2026-08-14T12:51:38+00:00,Yes,b705f866-4525-4838-a345-0586efcdd63e
Eye Rx Chevy Chase,"4600 North Park Avenue, Chevy Chase, MD 20815",Chevy Chase,MD,20815,2026-07-22T01:05:31+00:00,Yes,bf0e7b11-ff24-4691-8312-159051386ff3
Eye Theory Stone Oak,"115 North Loop 1604 East Suite 1103, San Antonio, TX 78232",San Antonio,TX,78232,2026-07-30T13:44:50+00:00,Yes,f5369969-e029-472d-8f94-dcefbff60020
EyeCare Associates,"8436 Vaughn Road, Montgomery, AL 36117",Montgomery,AL,36117,2026-08-06T13:50:19+00:00,No,5fe5f676-3ac5-4f77-aad8-b5d357a2cd06
EyeCare Specialties Lincoln,"2943 Pine Lake Road, Lincoln, NE 68516",Lincoln,NE,68516,2026-08-22T12:25:34+00:00,Yes,cba2f288-c835-4582-9b29-f2e7b8134109
Family Vision Center,"3175 South State Road 7, Wellington, FL 33449",Wellington,FL,33449,2026-07-25T13:10:49+00:00,Yes,6b732cfa-b72c-4226-85d9-8efaf125dd18
"Fichte, Endl and Elmer Eyecare","2825 Niagara Falls Blvd Suite 130, Amherst, NY 14228",Amherst,NY,14228,2026-09-29T18:26:16+00:00,Yes,3c1419f5-1736-4aa6-a664-a58805b8a269
First Sight Vision Care,"8115 Maple Lawn Boulevard, Fulton, MD 20759",Fulton,MD,20759,2026-08-05T13:52:29+00:00,Yes,a69316be-1995-446f-93d2-18f8b8c434d0
Five Points Eyecare,"698 South Milledge Avenue, Athens, GA 30605",Athens,GA,30605,2026-08-27T21:34:51+00:00,Yes,bc201267-26a1-4267-b2b2-66a044fab7c9
Friedrichs Family Eye Center,"32 Main Street, Chatham, VA 24531",Chatham,VA,24531,2026-09-17T16:02:09+00:00,Yes,70931ce2-7ef7-4ad6-8226-f07a5cefb91c
Friedrichs Family Eye Center,"723 Piney Forest Road
Suite 103, Danville, VA 24540",Danville,VA,24540,2026-09-12T14:48:55+00:00,Yes,39f9ddbe-e409-414f-b736-3dbea9635f39
Friedrichs Family Eye Center,"1975 Virginia Avenue, Martinsville, VA 24112",Martinsville,VA,24112,2026-08-27T21:34:51+00:00,Yes,4aa4b9ad-a50b-4fc1-8ecf-336579d05c60
Friedrichs Family Eye Center,"395 South Main Street, Rocky Mount, VA 24151",Rocky Mount,VA,24151,2026-09-17T16:02:09+00:00,Yes,0ccb39fa-0931-464e-9724-6d97cb3418e7
Gaddie Eye Centers- Oxmoor,"7635 Shelbyville Rd, Louisville, KY 40222",Louisville,KY,40222,2026-09-26T15:32:18+00:00,Yes,885f3e38-f7da-4a78-9a7c-958091b67bd7
Geisinger Healthplex Centerpoint,"1201 Oak Street, Pittston, PA 18640",Pittston,PA,18640,2026-07-24T13:24:06+00:00,Yes,e5733aa8-3791-48cb-8cfb-a1df5acdc679
Georgia Eye Associates - Braselton,"1735 Friendship Road, Braselton, GA 30517",Braselton,GA,30517,2026-09-17T16:02:09+00:00,Yes,ff9b60bd-5896-41c7-9a1d-81836fde6db7
Georgia Ophthalmologists,"4159 Mill St NE, Covington, GA 30014",Covington,GA,30014,2026-09-17T16:02:09+00:00,Yes,a32db012-e8a7-4b74-9855-6cb265ddf6e2
Graystone Eye,"2640 North Carolina 105, Boone, NC 28607",Boone,NC,28607,2026-08-02T13:06:35+00:00,Yes,b26df1c1-26ef-4b27-b9d8-7b169187c5ce
Graystone Eye,"2424 Century Place SE, Hickory, NC 28602",Hickory,NC,28602,2026-07-29T13:54:58+00:00,Yes,56e88bbf-e52f-4fe1-91a9-6d72f02eac21
Graystone Eye,"2060 Hickory Boulevard, Lenoir, NC 28645",Lenoir,NC,28645,2026-09-05T14:23:11+00:00,Yes,60dae10b-2a92-461f-ad97-1b41942412c7
Greenwich Ophthalmology Associates,"2046 West Main St, #2, Stamford, CT 06902",Stamford,CT,06902,2026-09-29T18:26:16+00:00,Yes,bfc242d1-b3cd-4430-a62c-3a4f46c26a8b
Gregory Nettune,"10740 N. Central Expressway / Ste 350, Dallas, TX 75231",Dallas,TX,75231,2026-09-18T15:37:16+00:00,Yes,b5beacb2-761b-4a06-a7fd-676d94d5925f
Grene Vision Group,"1821 N Webb Rd, Wichita, KS 67206",Wichita,KS,67206,2026-08-22T12:25:34+00:00,Yes,c7216ffb-5b2b-48b3-9f05-7935b043b1ba
Grin Eye Care Brookside,"520 East 63rd Street, Kansas City, MO 64110",Kansas City,MO,64110,2026-08-22T12:25:34+00:00,Yes,75655ec7-4f1e-4032-a345-1ba0cd2258cf
GW Eye Associates,"7841 Fay Avenue, San Diego, CA 92037",San Diego,CA,92037,2026-08-11T12:49:25+00:00,Yes,ba25e340-1efb-40bf-bdbb-a5493545da5c
Hill Vision Services,"12601 Olive Blvd, Creve Coeur, MO 63141",Creve Coeur,MO,63141,2026-08-27T21:34:51+00:00,Yes,c0c1b01b-1f74-43b6-ba2f-3efc659d8909
Hines Sight,"2480 S. Downing St / Ste G-30, Denver, CO 80210",Denver,CO,80210,2026-09-15T16:02:11+00:00,Yes,50a09e3d-c637-4110-a887-da945d795170
Horvath Vision Care Northwoods,"180 Northwoods Boulevard, Columbus, OH 43235",Columbus,OH,43235,2026-07-23T00:58:32+00:00,Yes,d8cf34c2-8ce1-4779-a532-c211d5d4d3c6
Idaho Eye and Laser Center,"2025 E 17th St., Idaho Falls, ID 83404",Idaho Falls,ID,83404,2026-08-27T21:34:51+00:00,Yes,9fa28ace-4e73-4b44-ac83-f77f735e4ada
Idaho Eye and Laser Center,"1157 Call Place, Pocatello, ID 83201",Pocatello,ID,83201,2026-09-18T15:37:16+00:00,Yes,fafe1c71-6739-46b7-b09d-2c663dc9d026
Idaho Eye and Laser Center,"426 Parkview Loop East, Twin Falls, ID 83301",Twin Falls,ID,83301,2026-08-27T21:34:51+00:00,Yes,50e28b7e-e758-4a9c-a37c-8fe26d13fd50
Inclima Eye Care,"415 Main Street, West Haven, CT 06516",West Haven,CT,06516,2026-09-29T18:26:16+00:00,Yes,7e0aa61d-7b78-423e-87cf-3493f1c3d534
IU School of Optometry/Atwater Eye Care Center,"744 East Third Street, Bloomington, IN 47405",Bloomington,IN,47405,2026-09-22T16:05:24+00:00,Yes,488e6ef1-cece-4129-86c8-14398c7b011a
Kaiser Santa Clara,"700 Lawrence Expwy, Santa Clara, CA 95051",Santa Clara,CA,95051,2026-09-15T16:02:11+00:00,Yes,6a9a90cf-4523-4db5-b6a8-95728d7fc318
Keratoconus Vision Center Orange County,"801 North Tustin Avenue Suite 404, Santa Ana, CA 92705",Santa Ana,CA,92705,2026-09-10T15:39:58+00:00,Yes,f9c7bf99-baa1-41dd-bbad-0bf33d1cee40
Kings Highway Vision Center,"1302 Kings Highway, Brooklyn, NY 11229",Brooklyn,NY,11229,2026-08-14T12:51:38+00:00,Yes,4a11aa6f-5ee2-4716-9341-016cd4dea5d5
Kirkwood Eye Associates,"200 South Kirkwood Road, Kirkwood, MO 63122",Kirkwood,MO,63122,2026-08-27T21:34:51+00:00,No,0d12550d-2052-4875-992c-fac72e717064
La Mesa Vision Care,"8007 La Mesa Boulevard, La Mesa, CA 91942",La Mesa,CA,91942,2026-09-10T15:39:58+00:00,Yes,8c513f79-e8dd-4b3e-9fa9-548b48b07d1f
Laguna Eye Care,"24100 El Toro Road Suite C, Laguna Woods, CA 92637",Laguna Woods,CA,92637,2026-09-09T15:44:51+00:00,Yes,95c1e01a-4687-4fd2-a477-74fb181be7d2
Lake Vision Optometry,"25321 Railroad Canyon Road #503, Lake Elsinore, CA 92532",Lake Elsinore,CA,92532,2026-08-27T21:34:51+00:00,Yes,dac01437-691d-45f7-bd20-123592947c65
Laser Vision Correction Center of New Jersey,"16 South Jefferson Road, Hanover, NJ 07981",Hanover,NJ,07981,2026-08-01T13:05:04+00:00,Yes,867ed5f7-48e9-4546-86ab-1b6fc55eea49
Lenscrafters Cascade Station,"10021 Northeast Cascades Parkway, Portland, OR 97220",Portland,OR,97220,2026-08-04T13:55:18+00:00,Yes,32430a76-608f-4664-bc8f-d0a54af2a42c
Lifetime Optometry,"1400 West 6th Street Suite 101, Corona, CA 92882",Corona,CA,92882,2026-09-17T16:02:09+00:00,Yes,4f014a4f-fb81-4cdf-98c4-f3af08d2a744
Lighthouse Vision,"50 Cherry ST, Milford, CT 06460",Milford,CT,06460,2026-09-29T18:26:16+00:00,Yes,90ba1f38-58fe-4ac2-afc1-019d38c7b522
Linden Optometry,"477 E Colorado Blvd, Pasadena, CA 91101",Pasadena,CA,91101,2026-09-10T15:39:58+00:00,Yes,6a4acf9d-fa15-443b-a641-8c1933969af3
Littleton Family Eyecare,"1869 West Littleton Boulevard, Littleton, CO 80120",Littleton,CO,80120,2026-08-01T13:05:04+00:00,Yes,76898d3a-9d8e-4ea4-ad90-cfdf01af95f7
Look Optometric,"17400 Irvine Boulevard Suite N, Tustin, CA 92780",Tustin,CA,92780,2026-08-27T21:34:51+00:00,Yes,c60afcb2-5c5b-44f0-ba8c-8b30bd6de6c6
Marietta Eye Clinic/Cumming,"2860 Ronald Reagan Boulevard, Cumming, GA 30041",Cumming,GA,30041,2026-09-17T16:02:09+00:00,Yes,343dfbab-f005-4a63-811f-60f2c5e2a98c
McKnight Eye Centers Hunkeler South,"7950 College Boulevard, Overland Park, KS 66210",Overland Park,KS,66210,2026-09-17T16:02:09+00:00,Yes,7525699d-5101-4213-8371-e3ef30a3f1da
Meadows Eye Physicians and Surgeons,"7190 Smoke Ranch Road, Las Vegas, NV 89128",Las Vegas,NV,89128,2026-08-21T12:33:35+00:00,Yes,e16b1640-2e00-43de-ada5-5399df17fd85
Medical University of South Carolina,"167 Ashley Avenue, Charleston, SC 29425",Charleston,SC,29425,2026-08-27T21:34:51+00:00,Yes,3b54dccd-e28a-4dc3-a372-84c7afab1047
Menard Eye Center,"4315 Lake Street, Lake Charles, LA 70605",Lake Charles,LA,70605,2026-07-30T13:44:50+00:00,Yes,dae27ffe-f0e3-4d1c-a09a-3a76b8bdc3a8
Michigan Eye Institute - Lake Orion,"1240 South Lapeer Road, Orion Township, MI 48360",Orion Township,MI,48360,2026-08-01T13:05:04+00:00,Yes,43996f7e-00cc-4dc7-b631-b321f6d0b7cb
Midwestern University Eye Clinic,"5865 West Uptopia Road, Glendale, AZ 85308",Glendale,AZ,85308,2026-08-01T13:05:04+00:00,Yes,959ccbee-0230-49e5-b33d-ac025f5a7854
Midwestern University Optical,"19555 N 59th Ave, Glendale, AZ 85308",Glendale,AZ,85308,2026-07-31T13:50:30+00:00,Yes,8c686c4f-f8f8-443e-ac5c-0a2ff1774650
Modern Eyes Optometry - Lenscrafters at Pearlridge,"98-1005 Moanalua Road, Aiea, HI 96701",Aiea,HI,96701,2026-07-22T01:05:31+00:00,Yes,d97fe7b8-db20-409f-b3b6-4a06d2949b9b
Mount Airy Medical Eye Center,"1401 Ridge Court, Mount Airy, MD 21771",Mount Airy,MD,21771,2026-07-22T01:05:31+00:00,Yes,c6c40821-4a07-4499-af23-63a523db30b1
Murrieta Creek Optometry,"39252 Winchester Road, Murrieta, CA 92563",Murrieta,CA,92563,2026-08-27T21:34:51+00:00,Yes,be214a54-0477-4378-b84a-aeb7449e74ab
MyEyeDr. / AL-Decatur,"823 6th Avenue Southeast, Decatur, AL 35601",Decatur,AL,35601,2026-09-17T16:02:09+00:00,Yes,2a3ce1f2-a469-4d27-887f-c5a08fa63d7e
Nashville Eye Group,"5429 Edmondson Pike, Nashville, TN 37211",Nashville,TN,37211,2026-09-17T16:02:09+00:00,Yes,d43f0327-737f-42b7-9797-87a2baa63272
Nassau County: Valley Stream OCLI,"70 East Sunrise Highway / Ste 400, Valley Stream, NY 11581",Valley Stream,NY,11581,2026-09-18T15:37:16+00:00,Yes,9d574582-1fd4-40a1-bf6f-fbd24653c5d3
NEOES -Streetsboro,"1155 Ohio 303, Streetsboro, OH 44241",Streetsboro,OH,44241,2026-08-27T21:34:51+00:00,Yes,3d823915-9adb-464b-8437-6b70dae999af
New Vision Eyecare,"443 Cool Springs Boulevard
#120, Franklin, TN 37067",Franklin,TN,37067,2026-09-14T17:24:53+00:00,Yes,282b052d-a8d1-440b-a8b8-c56a35440f1f
Nolo Eye Care,"7180 Nolensville Road
Suite 1E, Nolensville, TN 37135",Nolensville,TN,37135,2026-09-16T15:55:29+00:00,Yes,7213ae3d-b801-45cd-ab2f-5db0299b0133
Normandy Optical - Rochester,"137 South Livernois Road, Rochester Hills, MI 483071837",Rochester Hills,MI,483071837,2026-07-23T00:58:32+00:00,Yes,659e088d-0fb5-4075-8576-cce22a27f0c3
North Georgia Eye Associates/Cumming,"1230 Bald Ridge Marina Road, Cumming, GA 30040",Cumming,GA,30040,2026-09-18T15:37:16+00:00,Yes,bb9e641b-ad08-4759-972d-bf2eeeb30c4f
Northeast Ohio Eye Surgeons - Akron (Valley),"1558 Akron Peninsula Road, Akron, OH 44313",Akron,OH,44313,2026-08-27T21:34:51+00:00,Yes,8b829332-0a0d-4989-b3f2-5d2dcf77063b
Northeast Ohio Eye Surgeons - Canton 1,"800 McKinley Avenue Northwest, Canton, OH 44703",Canton,OH,44703,2026-08-27T21:34:51+00:00,Yes,c29dcf26-6242-4a8d-b136-1b1330c40621
Northeast Ohio Eye Surgeons - Kent,"2103 Ohio 59, Kent, OH 44240",Kent,OH,44240,2026-08-27T21:34:51+00:00,Yes,8489c8d6-8279-4b2c-93e8-d0bb3b0f3e8a
Northeast Ohio Eye Surgeons - Medina,"3583 Reserve Commons Drive, Medina, OH 44256",Medina,OH,44256,2026-08-27T21:34:51+00:00,Yes,ce5ef811-5075-450d-90d2-9fda28778c31
Northeast Ohio Eye Surgeons - Medina2,"4463 Weymouth Road, Medina, OH 44256",Medina,OH,44256,2026-08-27T21:34:51+00:00,Yes,79a766b5-95c7-4f50-bc48-a379e41fd36e
Northeast Ohio Eye Surgeons - N Canton,"6407 Frank Avenue Northwest, North Canton, OH 44720",North Canton,OH,44720,2026-08-27T21:34:51+00:00,Yes,5b393643-dd77-4b4c-9fa6-cea782776a98
Northeast Ohio Eye Surgeons - Stow,"4227 Allen Road, Stow, OH 44224",Stow,OH,44224,2026-08-27T21:34:51+00:00,Yes,08136427-af40-4a02-9b9e-2ead8c6e9a69
Northeast Ohio Eye Surgeons - Wadsworth,"1st Street, Wadsworth, OH 44281",Wadsworth,OH,44281,2026-08-27T21:34:51+00:00,Yes,d7923c30-6be2-49e0-8e61-b5b7cd068668
Northern Virginia Doctors of Optometry - Rosslyn,"1700 North Moore Street, Arlington, VA 22209",Arlington,VA,22209,2026-09-01T15:54:53+00:00,Yes,51d936c9-746a-4360-961c-36f10c6f35d8
NOVA Optique + Eyecare,"672 North Glebe Road, Arlington, VA 22203",Arlington,VA,22203,2026-09-23T15:55:31+00:00,Yes,caa1336f-8ca9-4f78-885a-2d831ba743a3
OCLI Queens-Richmond Hill,"119-15 Atlantic Avenue, Queens, NY 11418",Queens,NY,11418,2026-08-27T21:34:51+00:00,Yes,0a7748dc-eabf-4910-9527-ec3c9a1cdc7d
OCLI Vision New Haven County: East Haven,"317 Foxon Road, East Haven, CT 06513",East Haven,CT,06513,2026-07-22T01:05:31+00:00,Yes,ae0aa020-1354-4f43-aeaf-549651134c73
OKO Medical Eyecare,"2500 North Harlem Avenue, Elmwood Park, IL 60707",Elmwood Park,IL,60707,2026-09-10T15:39:58+00:00,Yes,e4a9a0a3-d429-4611-b890-ff62864a7a3b
Old Towne Optometry,"18291 Imperial Highway, Yorba Linda, CA 92886",Yorba Linda,CA,92886,2026-09-05T14:23:11+00:00,Yes,f682ef71-2ce5-47fe-83cd-c9e6ada9d7fa
Omaha Eye & Laser Institute,"11606 Nicholas St / Ste 200, Omaha, NE 68154",Omaha,NE,68154,2026-09-12T14:48:55+00:00,Yes,44d72d75-6d64-4301-a903-9faa03e4694e
Oman Eye Care,"100 West Cornwallis Drive Unit J, Greensboro, NC 27408",Greensboro,NC,27408,2026-09-17T16:02:09+00:00,Yes,16a2bd74-ef8c-46f4-95f2-8d62c8ce0b71
Ophthalmic Partners,"775 East Route 70, Marlton, NJ 08053",Marlton,NJ,08053,2026-08-06T13:50:19+00:00,Yes,41ae30bd-c443-46a2-a96e-3d65ece6f97c
Ophthalmology Consultants,"12990 Manchester Road / Suite 201, St Louis, MO 63131",St Louis,MO,63131,2026-08-27T21:34:51+00:00,No,6130f387-d5ed-4081-bfe1-f2ac54527706
Optical Illusions San Jose,"377 Santana Row, Suite #1115, San Jose, CA 95128",San Jose,CA,95128,2026-07-30T13:44:50+00:00,Yes,0ad7858b-c125-43f8-8af1-fc53f72d7d23
Optical Illusions San Mateo,"194 West Hillsdale Boulevard, San Mateo, CA 94403",San Mateo,CA,94403,2026-07-29T13:54:58+00:00,Yes,1629d45b-294f-4b14-aaf4-b8463b4a2010
Optical Illusions San Ramon,"6000 Bollinger Canyon Road, Suite #1104, San Ramon, CA 94583",San Ramon,CA,94583,2026-07-30T13:44:50+00:00,Yes,c42c2a65-5681-4e90-8010-ea64c4c353b8
Optum Pediatric Opthalmology,"146 Manetto Hill Road, Plainview, NY 11803",Plainview,NY,11803,2026-08-27T21:34:51+00:00,Yes,5a0d2968-7052-4507-9824-e4e760ddc9a2
Palmer Eye Care,"17510 Provost Street Suite 103, Lake Oswego, OR 97034",Lake Oswego,OR,97034,2026-08-27T21:34:51+00:00,Yes,a3abc078-c9c6-4343-ac40-00f5354f114a
Professional Optometry Vision Care,"77 Veterans Memorial Highway, Commack, NY 11725",Commack,NY,11725,2026-08-27T21:34:51+00:00,Yes,a6611a0c-f326-458f-b64e-8534daaecf71
Professional Vision Care- Westerville,"185 South State Street, Westerville, OH 43081",Westerville,OH,43081,2026-08-09T12:37:07+00:00,Yes,7ed7bd85-469b-4ea2-9ea0-a3e0dd4d4bd3
Raincross Optometry,"3297 Arlington Avenue, Riverside, CA 92506",Riverside,CA,92506,2026-09-22T16:05:24+00:00,Yes,d34b6a23-02ad-4080-a19c-f3f357b51bcb
Refocus Waterbury,"87 Grandview Ave, Waterbury, CT 06708",Waterbury,CT,06708,2026-09-18T15:37:16+00:00,Yes,b6eb87d8-2c4a-4c40-b421-0fd8f7578a04
Renaissance Eye Care,"1593 Darby Drive, Florence, AL 35630",Florence,AL,35630,2026-09-18T15:37:16+00:00,Yes,aef15922-7d7d-4548-b933-539f62957e7a
Richlin Eye,"8907 Wilshire Boulevard, Beverly Hills, CA 90211",Beverly Hills,CA,90211,2026-09-18T15:37:16+00:00,Yes,e10f3dcf-1681-4050-8549-988faa4f8c94
Riverwoods Eye Center,"280 W River Park Dr / Suite 220, Provo, UT 84604",Provo,UT,84604,2026-08-27T21:34:51+00:00,Yes,d2069ee0-9c0c-49ad-953b-cbccc1c616d3
Rockford Eye & Laser Center,"4301 N Mulford Rd, Loves Park, IL 61111",Loves Park,IL,61111,2026-09-22T16:05:24+00:00,Yes,60039baa-4dda-43ac-aef4-f723aa006598
"Rockingham Eye Physicians and Associattes, P.C.","1690 Spring Port Drive, Harrisonburg, VA 22801",Harrisonburg,VA,22801,2026-09-19T15:10:28+00:00,Yes,b9cd8d42-0517-44af-a4c0-8c45a62d1088
Rocky McAdams,"2120 Antilley Road, Abilene, TX 79606",Abilene,TX,79606,2026-09-18T15:37:16+00:00,Yes,ccb68d3d-f9a9-4792-9ccc-47429a4518d8
Ross Eye Institute,"1176 Main Street, buffalo, NY 14209",buffalo,NY,14209,2026-08-19T12:33:15+00:00,Yes,77adaade-0ccc-4969-a1a2-60852761bbdf
Saint Barnabas Health Ambulatory Care Center,"PO Box 337, West Long Branch, NJ 07764",West Long Branch,NJ,07764,2026-09-15T16:02:11+00:00,Yes,1f5fcce0-1a10-4a92-85cd-5f7dfcff13b7
Sea Eye Care,"9573 Shore Drive STE E, Norfolk, VA 23518",Norfolk,VA,23518,2026-08-04T13:55:18+00:00,Yes,43b537e8-1173-40db-9754-a2b788e4f201
Select Eye Care,"8601 LaSalle Rd / Ste 108, Towson, MD 21286",Towson,MD,21286,2026-07-24T13:24:06+00:00,Yes,3686762a-f278-42e7-b596-1d2f0906c8f3
Sevigny & Associates Eye Care- Avon Park,"2315 U.S. 27, Avon Park, FL 33825",Avon Park,FL,33825,2026-09-22T16:05:24+00:00,Yes,96d26687-b28f-484b-98b4-6cc4f13d29c9
Sevigny & Associates Eye Care- Wauchula,"735 North 6th Avenue, Wauchula, FL 33873",Wauchula,FL,33873,2026-09-22T16:05:24+00:00,Yes,0da79f3d-7371-4c6d-89a6-325c3d9e759d
Seymour Optometric Center,"25 New Haven Road, Seymour, CT 06483",Seymour,CT,06483,2026-09-29T18:26:16+00:00,Yes,7b924e99-97bf-4d27-b387-8727863a30ce
Sight MD Babylon,"500 West Main Street / Suite 210, Babylon, NY 11702",Babylon,NY,11702,2026-08-05T13:52:29+00:00,Yes,130b33fc-ef36-4e67-b1a9-66ece8910156
SightMD Plainview,"100 Manetto Hill Road, Plainview, NY 11803",Plainview,NY,11803,2026-08-27T21:34:51+00:00,Yes,d74fc2dd-0d94-4e84-bf9f-79fc21adfa3b
Sound Shore Vision Center,"271 Smithtown Boulevard, Nesconset, NY 11767",Nesconset,NY,11767,2026-07-30T13:44:50+00:00,Yes,b66f491c-a9be-405a-a239-75ee54a21bb5
Specialty Eye - Adrian,"770 Riverside Avenue, Adrian, MI 49221",Adrian,MI,49221,2026-09-17T16:02:09+00:00,Yes,f7450b81-bae1-4623-a939-87ec24c7e02d
Specialty Eye - Ann Arbor,"2350 East Stadium Boulevard, Ann Arbor, MI 48104",Ann Arbor,MI,48104,2026-09-17T16:02:09+00:00,Yes,17491e93-d66a-4f6f-b23a-ca8dfe6c1537
Specialty Eye - Battle Creek,"3630 Capital Avenue Southwest, Battle Creek, MI 49015",Battle Creek,MI,49015,2026-09-10T15:39:58+00:00,Yes,17dfc1ae-ac3a-4ac5-8cb3-7f935d5bb96a
Specialty Eye - Bryan,"442 West High Street, Bryan, OH 43506",Bryan,OH,43506,2026-09-17T16:02:09+00:00,Yes,cefbdf7a-8d1b-4861-8c9a-467065e1a427
Specialty Eye - Chelsea,"1200 South Main Street, Chelsea, MI 48118",Chelsea,MI,48118,2026-09-10T15:39:58+00:00,Yes,48551e20-4984-4fa7-9fe4-eb82db886f87
Specialty Eye - Jackson,"1116 West Ganson Street, Jackson, MI 49202",Jackson,MI,49202,2026-09-10T15:39:58+00:00,Yes,76b72096-bf0e-4cb8-bbdf-f3b85ac4b33d
Specialty Eye - Lansing,"1515 Lake Lansing Road, Lansing, MI 48912",Lansing,MI,48912,2026-09-10T15:39:58+00:00,Yes,7adf68a5-7c21-4db3-bc46-ae4e94fd556c
Specialty Eye - Toledo,"3439 Hill Avenue, Toledo, OH 43607",Toledo,OH,43607,2026-09-17T16:02:09+00:00,Yes,f37ebec4-a2a5-430e-ad44-5df163ee42d5
SSM Health,"2850 O’Keeffe Avenue,, Sun Prairie, WI 53590",Sun Prairie,WI,53590,2026-07-24T13:24:06+00:00,Yes,9177dee6-c7f6-4011-a171-296aa4566298
Stamford Ophthalmology,"1351 Washington Boulevard - Suite 101, Stamford, CT 06902",Stamford,CT,06902,2026-09-29T18:26:16+00:00,Yes,73068e34-f937-46f0-ae08-38c5108b8043
Summit Health Management,"95 Madison Ave Floor 2, Morristown, NJ 07960",Morristown,NJ,07960,2026-07-31T13:50:30+00:00,Yes,a9e75807-d36b-4e3c-9c04-f38176c4a40d
Temecula Eye Center Optometry,"41720 Winchester Road D, Temecula, CA 92590",Temecula,CA,92590,2026-08-28T21:38:28+00:00,Yes,ad8d1eed-e9b7-4b9b-a2e2-82a09e67094c
The Eye Clinic,"1767 Imperial Blvd., Lake Charles, LA 70605",Lake Charles,LA,70605,2026-07-30T13:44:50+00:00,Yes,0919c645-a060-4f63-907f-c8e3f87bc937
The Eye Institute,"2000 S Wheeling Ave / Suite 1010, Tulsa, OK 74104",Tulsa,OK,74104,2026-09-18T15:37:16+00:00,Yes,cd48f521-23c6-43f0-a4bc-1f465840af32
Thomas Eye Group/Lithonia,"6000 Hillandale Drive, Lithonia, GA 30058",Lithonia,GA,30058,2026-09-17T16:02:09+00:00,Yes,d2b1e7fa-a74f-4bab-b26c-b3e2e40a0311
Total Vision West Hollywood,"8205 Santa Monica Boulevard, West Hollywood, CA 90046",West Hollywood,CA,90046,2026-09-18T15:37:16+00:00,Yes,856ae962-24cd-454c-888c-6cd94dd274c5
Tower Clock Eye Center,"1087 West Mason St., Green Bay, WI 54303",Green Bay,WI,54303,2026-07-24T13:24:06+00:00,Yes,9e778072-94e3-44b4-9964-e6de13cc4dc9
Triad Eye,"3615 Southeast Kentucky Street, Bartlesville, OK 74006",Bartlesville,OK,74006,2026-08-27T21:34:51+00:00,Yes,ca348d86-862c-4cb1-b9d4-29c5b3d57b4d
Triad Eye,"1715 North Lynn Riggs Boulevard, Claremore, OK 74017",Claremore,OK,74017,2026-08-27T21:34:51+00:00,Yes,ae37e2e4-9041-4a7f-a759-c73edda96679
Triad Eye,"63223 Oklahoma 10, Grove, OK 74344",Grove,OK,74344,2026-08-27T21:34:51+00:00,Yes,25af70cb-2674-42c7-baff-057087df90fc
Triad Eye,"1001 East Wyandotte Avenue, McAlester, OK 74501",McAlester,OK,74501,2026-08-27T21:34:51+00:00,Yes,fcd61e01-d4c2-4aed-8b20-f5002252eef7
Triad Eye,"3131 Military Boulevard, Muskogee, OK 74401",Muskogee,OK,74401,2026-08-27T21:34:51+00:00,Yes,a3bf7898-71c7-4758-ad49-9edcad3b9af9
Triad Eye,"1020 Northeast 1st Street, Pryor, OK 74361",Pryor,OK,74361,2026-08-27T21:34:51+00:00,Yes,24a7d349-2a3b-4f31-8aab-1228c7073a90
Triad Eye- Brookside,"3906 South Peoria Avenue, Tulsa, OK 74105",Tulsa,OK,74105,2026-08-27T21:34:51+00:00,Yes,618d6512-4da6-49ba-b07b-23537196bdf6
Triad Eye- Tulsa Satellite Clinic,"8023 East 63rd Place, Tulsa, OK 74133",Tulsa,OK,74133,2026-08-27T21:34:51+00:00,Yes,23571fd7-e2e9-4fa5-ae41-865ab30b487c
True Vision Eye Care Morrisville,"102 Lower Shiloh Way
#105, Morrisville, NC 27560",Morrisville,NC,27560,2026-08-22T12:25:34+00:00,Yes,28dbede9-c7b1-41d1-b141-dfc7e045c84f
True Vision Eye Care Raleigh,"9101 Leesville Road Suite 133, Raleigh, NC 27613",Raleigh,NC,27613,2026-08-22T12:25:34+00:00,Yes,e7bde7dd-de1a-4fee-b7c8-352fa4bb025d
Tulman Eye Group,"880 Crestmark Drive, Lithia Springs, GA 30122",Lithia Springs,GA,30122,2026-07-22T01:05:31+00:00,Yes,cc318f2b-70f0-43ea-a8cc-52acb6d55583
University Eye Associates,"8316 Medical Plaza Drive, Charlotte, NC 28262",Charlotte,NC,28262,2026-08-22T12:25:34+00:00,Yes,624c4a35-8918-4315-b38b-b805987df6c4
University Eye Associates,"100 South Main Street, Davidson, NC 28036",Davidson,NC,28036,2026-09-12T14:48:55+00:00,Yes,56d469b6-ae05-4cab-8b12-9c8e655aa91a
University of Michigan-West Ann Arbor,"380 Parkland Plaza, Ann Arbor, MI 48103",Ann Arbor,MI,48103,2026-08-27T21:34:51+00:00,Yes,c1c8ca99-da4d-4905-9963-9f6f1197d245
University of Minnesota Health - Eye Care,"516 Delaware Street SE / 9th Floor, Minneapolis, MN 55455",Minneapolis,MN,55455,2026-07-24T13:24:06+00:00,Yes,3dc55d70-cf2e-49a5-8e66-1e6709388b55
UofM-Flint/Grand Blanc,"3181 East Grand Blanc Road, Grand Blanc, MI 48439",Grand Blanc,MI,48439,2026-09-14T17:24:53+00:00,Yes,ddfee051-5a15-4955-a095-072a9dd79151
Urban Optics Optometric Center,"1114 State Street, Santa Barbara, CA 93101",Santa Barbara,CA,93101,2026-09-17T16:02:09+00:00,Yes,c8440682-283b-4f04-bd71-9d81bf6fa509
UT Medicine Mitchel and Shannon Wong Eye Institute,"4900 Mueller Boulevard, Austin, TX 78723",Austin,TX,78723,2026-09-09T15:44:51+00:00,Yes,2e53888c-fbe6-4cb1-a2e8-ce32693f9fd8
UW Health Eye Care,"1 South Park, Madison, WI 53715",Madison,WI,53715,2026-07-24T13:24:06+00:00,Yes,3ae4a09c-032b-4c0b-9304-f9243e3a25ce
Vansuch Vision,"315 East Katella Avenue, Orange, CA 92867",Orange,CA,92867,2026-09-09T15:44:51+00:00,Yes,3e5e3430-3eb3-4edd-88f6-efbaf4b394b8
Virginia Eyecare Center,"9314 Old Keene Mill Road, Burke, VA 22015",Burke,VA,22015,2026-09-17T16:02:09+00:00,Yes,83d89b8c-caa9-4cc8-bb98-19d1929ea84f
Vision Eye Group / Warner Robins,"151 South Houston Lake Road  Suite 190, Warner Robins, GA 31088",Warner Robins,GA,31088,2026-08-21T12:33:35+00:00,Yes,e41932b6-a92d-470a-9235-658bedeb2995
Vision Source - Lakewood Ranch,"11151 State Road 70 East, Bradenton, FL 34202",Bradenton,FL,34202,2026-08-27T21:34:51+00:00,Yes,d27da35e-3490-4a0a-bac3-67b3fe6deae9
Vision Source - Parrish,"10060 US Hwy 301 N, Parrish, FL 34219",Parrish,FL,34219,2026-08-27T21:34:51+00:00,Yes,73dbadd8-dbff-4958-ab71-2d84d74a84f9
Vision Source Eyecare KC Plaza,"4400 broadway - Suite 202, kansas city, MO 64111",kansas city,MO,64111,2026-08-27T21:34:51+00:00,Yes,0b97dd33-c634-4bd5-a53a-f2d732c6bd73
Visionary Eye Clinic,"1600 Grand Central Avenue, Vienna, WV 26105",Vienna,WV,26105,2026-08-27T21:34:51+00:00,No,2aab9f86-3061-4a89-b5d6-46fdfee9273c
VisionPro Optometry,"8400 Rosedale Highway, Bakersfield, CA 93312",Bakersfield,CA,93312,2026-08-04T13:55:18+00:00,Yes,ddce1a54-4b23-4000-9fbb-f48489c0b754
Vistar Eye Center,"3320 Franklin Road SW, Roanoke, VA 24014",Roanoke,VA,24014,2026-07-30T13:44:50+00:00,Yes,44e0511f-7450-410b-9ddc-6b8437cf2178
Vistar Eye Center - Botetourt,"70 Summerfield Court, Roanoke, VA 24019",Roanoke,VA,24019,2026-08-08T12:34:16+00:00,Yes,b1242083-ce47-4613-ab04-0849b3a0ae40
Washington Eye Doctors,"5454 Wisconsin Avenue, Chevy Chase, MD 20815",Chevy Chase,MD,20815,2026-08-01T13:05:04+00:00,Yes,e3959d6f-f4bd-4c68-9aa5-d9f9b13ba35a
Weill Cornell,"1305 York Ave / 11th Floor, New York, NY 10021",New York,NY,10021,2026-07-30T13:44:50+00:00,Yes,f45f5d97-762d-4739-8cd5-317b1d05117b
West Georgia Eye Care Center,"6600 Whittlesey Blvd / Building A, Columbus, GA 31909",Columbus,GA,31909,2026-09-08T15:49:00+00:00,Yes,080a865e-91e0-4244-9360-f1dcd5f20a8e
Western University Eye Care Institute,"309 East 2nd Street, Pomona, CA 91766",Pomona,CA,91766,2026-08-27T21:34:51+00:00,Yes,aa4a919e-a68e-4a19-84fd-de942d5fec9c
Wilmington Eye,"1176 East Cutlar Crossing, Leland, NC 28451",Leland,NC,28451,2026-08-27T21:34:51+00:00,Yes,7257b914-ce14-4a91-b35b-55455d94712b
Wilmington Eye,"9020 Senca Drive, Wilmington, NC 28411",Wilmington,NC,28411,2026-08-27T21:34:51+00:00,Yes,e3cb8ad6-cb75-480e-8113-e7e9114b9f45
WV Eye Consultants,"501 Summers Street, Charleston, WV 25301",Charleston,WV,25301,2026-09-02T15:47:33+00:00,No,63eedb97-8bca-49fb-8716-9259082b4535
Yale School of Medicine- Department of Ophthalmology,"40 Temple Street / 3rd Floor / 3D, New Haven, CT 06510",New Haven,CT,06510,2026-09-29T18:26:16+00:00,Yes,3f801f92-3668-4002-ab58-a0ab6676b68b
